{
  "fx_pixel": 1610.6191870863427,
  "baseline_m_from_T": 0.11015764605049244
}