{
  "fx_pixel": 1610.6356588437607,
  "baseline_m_from_T": 0.1101705646148399
}